ord,nombre
1, Abigail
2, Abril
3, Adela
4, Adriana
5, Aida
6, Aldonza
7, Alejandra
8, Alicia
9, Alma
10, Alta Gracia
11, Amalia
12, Amanda
13, Amelia
14, Ana
15, Ana Luisa
16, Ana María
17, Anabel
18, Andrea
19, Anel
20, Ángela
21, Angélica
22, Antonia
23, Araceli
24, Arcelia
25, Ariadna
26, Asunción
27, Aurora
28, Barbara
29, Beatriz
30, Berta
31, Bianca
32, Blanca
33, Camila
34, Caridad
35, Carla
36, Carlota
37, Carmen
38, Carolina
39, Catalina
40, Cecilia
41, Celia
42, Citlali
43, Clara
44, Claudia
45, Concepción
46, Conchita
47, Cristal
48, Cristina
49, Cynthia
50, Dalia
51, Daniela
52, Débora
53, Delia
54, Diana
55, Dolores
56, Dulce
57, Dulce María
58, Elena
59, Elisa
60, Eloisa
61, Elsa
62, Elvia
63, Elvira
64, Emilia
65, Esmeralda
66, Esparta
67, Esperanza
68, Estefanía
69, Estela
70, Estela
71, Esther
72, Eugenia
73, Eva
74, Fabiola
75, Florencia
76, Francisca
77, Frida
78, Gabriela
79, Georgina
80, Gloria
81, Graciela
82, Guillermina
83, Helena
84, Hermelinda
85, Hilda
86, Ilse
87, Indira
88, Inés
89, Irene
90, Irma
91, Isabel
92, Isabela
93, Itzel
94, Ivonne
95, Jaqueline
96, Josefina
97, Juana
98, Judith
99, Julia
100, Karina
101, Karla
102, Laura
103, Leonor
104, Leticia
105, Lilia
106, Liliana
107, Linda
108, Lorena
109, Lourdes
110, Lucía
111, Luisa
112, Luz
113, Magdalena
114, Marcela
115, Margarita
116, María
117, María Cristina
118, María del Carmen
119, María Elena
120, María Eugenia
121, María José
122, María Luisa
123, María Teresa
124, Mariana
125, Marisela
126, Marisol
127, Martha
128, Mayte
129, Mercedes
130, Micaela
131, Minerva
132, Miriam
133, Mitzy
134, Mónica
135, Nadia
136, Nancy
137, Natalia
138, Nayeli
139, Nelly
140, Noelia
141, Noemí
142, Norma
143, Ofelia
144, Olga
145, Olivia
146, Pamela
147, Paola
148, Patricia
149, Paulina
150, Perla
151, Pilar
152, Raquel
153, Rebeca
154, Reina
155, Rocío
156, Rosa
157, Rosalia
158, Rosario
159, Ruby
160, Salma
161, Sandra
162, Sara
163, Sessa
164, Silvia
165, Socorro
166, Sofía
167, Soledad
168, Sonia
169, Susana
170, Tania
171, Teresa
172, Trinidad
173, Úrsula
174, Vanesa
175, Verónica
176, Victoria
177, Violeta
178, Virginia
179, Wendolin
180, Yeni
181, Yolanda
182, Yuridia
183, Zoé
184, Emma
185, Valentina
186, Regina
187, Catalina
188, Martina
189, Valeria
190, Luciana
191, Julieta
192, Romina
193, Ivana
194, Fiorella
195, Gisela
196, Renata
197, Jimena
198, Mariana
199, Alethea
200, Brisa
201, Calista
202, Dafne
203, Elodie
204, Flavia
205, Ginebra
206, Hestia
207, Iliana
208, Jael
209, Kira
210, Leire
211, Mireia
212, Naiara
213, Ondina
214, Penélope
215, Queralt
216, Rania
217, Selene
218, Tais
219, Tabita
